{
	"credit": "Made by LeftChaotix",
	"parent": "block/block",
	"textures": {
		"0": "toms_storage:block/cable_frame",
		"1": "toms_storage:block/inventory_cable"
	},
	"elements": [
		{
			"name": "cable",
			"from": [0, 6, 6],
			"to": [16, 10, 10],
			"faces": {
				"north": {"uv": [0, 6, 16, 10], "texture": "#1"},
				"east": {"uv": [6, 6, 10, 10], "texture": "#1"},
				"south": {"uv": [0, 6, 16, 10], "texture": "#1"},
				"west": {"uv": [6, 6, 10, 10], "texture": "#1"},
				"up": {"uv": [0, 6, 16, 10], "texture": "#1"},
				"down": {"uv": [0, 6, 16, 10], "texture": "#1"}
			}
		},
		{
			"from": [-0.02, -0.02, -0.02],
			"to": [2.02, 16.02, 2.02],
			"faces": {
				"north": {"uv": [14, 0, 16, 16], "texture": "#0"},
				"east": {"uv": [14, 0, 16, 16], "texture": "#0"},
				"south": {"uv": [0, 0, 2, 16], "texture": "#0"},
				"west": {"uv": [0, 0, 2, 16], "texture": "#0"},
				"up": {"uv": [14, 14, 16, 16], "rotation": 180, "texture": "#0"},
				"down": {"uv": [0, 14, 2, 16], "texture": "#0"}
			}
		},
		{
			"from": [13.98, -0.02, -0.02],
			"to": [16.02, 16.02, 2.02],
			"rotation": {"angle": 0, "axis": "y", "origin": [14, 0, 0]},
			"faces": {
				"north": {"uv": [0, 0, 2, 16], "texture": "#0"},
				"east": {"uv": [14, 0, 16, 16], "texture": "#0"},
				"south": {"uv": [14, 0, 16, 16], "texture": "#0"},
				"west": {"uv": [0, 0, 2, 16], "texture": "#0"},
				"up": {"uv": [0, 14, 2, 16], "rotation": 180, "texture": "#0"},
				"down": {"uv": [14, 14, 16, 16], "texture": "#0"}
			}
		},
		{
			"from": [13.98, -0.02, 13.98],
			"to": [16.02, 16.02, 16.02],
			"rotation": {"angle": 0, "axis": "y", "origin": [14, 0, 14]},
			"faces": {
				"north": {"uv": [0, 0, 2, 16], "texture": "#0"},
				"east": {"uv": [0, 0, 2, 16], "texture": "#0"},
				"south": {"uv": [14, 0, 16, 16], "texture": "#0"},
				"west": {"uv": [14, 0, 16, 16], "texture": "#0"},
				"up": {"uv": [0, 0, 2, 2], "rotation": 180, "texture": "#0"},
				"down": {"uv": [14, 0, 16, 2], "texture": "#0"}
			}
		},
		{
			"from": [-0.02, -0.02, 13.98],
			"to": [2.02, 16.02, 16.02],
			"rotation": {"angle": 0, "axis": "y", "origin": [0, 0, 14]},
			"faces": {
				"north": {"uv": [14, 0, 16, 16], "texture": "#0"},
				"east": {"uv": [0, 0, 2, 16], "texture": "#0"},
				"south": {"uv": [0, 0, 2, 16], "texture": "#0"},
				"west": {"uv": [14, 0, 16, 16], "texture": "#0"},
				"up": {"uv": [14, 0, 16, 2], "rotation": 180, "texture": "#0"},
				"down": {"uv": [0, 0, 2, 2], "texture": "#0"}
			}
		},
		{
			"from": [-0.02, -0.02, 1.98],
			"to": [2.02, 2.02, 14.02],
			"rotation": {"angle": 0, "axis": "y", "origin": [0, 0, 2]},
			"faces": {
				"north": {"uv": [0, 0, 2, 2], "texture": "#0"},
				"east": {"uv": [2, 14, 14, 16], "texture": "#0"},
				"south": {"uv": [0, 0, 2, 2], "texture": "#0"},
				"west": {"uv": [2, 14, 14, 16], "texture": "#0"},
				"up": {"uv": [16, 2, 14, 14], "texture": "#0"},
				"down": {"uv": [0, 2, 2, 14], "texture": "#0"}
			}
		},
		{
			"from": [1.98, -0.02, -0.02],
			"to": [14.02, 2.02, 2.02],
			"faces": {
				"north": {"uv": [2, 14, 14, 16], "texture": "#0"},
				"south": {"uv": [2, 14, 14, 16], "texture": "#0"},
				"up": {"uv": [2, 16, 14, 14], "texture": "#0"},
				"down": {"uv": [2, 14, 14, 16], "texture": "#0"}
			}
		},
		{
			"from": [1.98, -0.02, 13.98],
			"to": [14.02, 2.02, 16.02],
			"rotation": {"angle": 0, "axis": "y", "origin": [0, 0, 14]},
			"faces": {
				"north": {"uv": [2, 14, 14, 16], "texture": "#0"},
				"south": {"uv": [2, 14, 14, 16], "texture": "#0"},
				"up": {"uv": [2, 2, 14, 0], "texture": "#0"},
				"down": {"uv": [2, 0, 14, 2], "texture": "#0"}
			}
		},
		{
			"from": [13.98, -0.02, 1.98],
			"to": [16.02, 2.02, 14.02],
			"rotation": {"angle": 0, "axis": "y", "origin": [14, 0, 2]},
			"faces": {
				"north": {"uv": [0, 0, 2, 2], "texture": "#0"},
				"east": {"uv": [2, 14, 14, 16], "texture": "#0"},
				"south": {"uv": [0, 0, 2, 2], "texture": "#0"},
				"west": {"uv": [2, 14, 14, 16], "texture": "#0"},
				"up": {"uv": [2, 2, 0, 14], "texture": "#0"},
				"down": {"uv": [14, 2, 16, 14], "texture": "#0"}
			}
		},
		{
			"from": [1.98, 13.98, 13.98],
			"to": [14.02, 16.02, 16.02],
			"rotation": {"angle": 0, "axis": "y", "origin": [0, 14, 14]},
			"faces": {
				"north": {"uv": [2, 0, 14, 2], "texture": "#0"},
				"south": {"uv": [2, 0, 14, 2], "texture": "#0"},
				"up": {"uv": [2, 2, 14, 0], "texture": "#0"},
				"down": {"uv": [2, 0, 14, 2], "texture": "#0"}
			}
		},
		{
			"from": [13.98, 13.98, 1.98],
			"to": [16.02, 16.02, 14.02],
			"rotation": {"angle": 0, "axis": "y", "origin": [14, 14, 2]},
			"faces": {
				"north": {"uv": [0, 0, 2, 2], "texture": "#0"},
				"east": {"uv": [2, 0, 14, 2], "texture": "#0"},
				"south": {"uv": [0, 0, 2, 2], "texture": "#0"},
				"west": {"uv": [2, 0, 14, 2], "texture": "#0"},
				"up": {"uv": [2, 2, 0, 14], "texture": "#0"},
				"down": {"uv": [14, 2, 16, 14], "texture": "#0"}
			}
		},
		{
			"from": [-0.02, 13.98, 1.98],
			"to": [2.02, 16.02, 14.02],
			"rotation": {"angle": 0, "axis": "y", "origin": [0, 14, 2]},
			"faces": {
				"north": {"uv": [0, 0, 2, 2], "texture": "#0"},
				"east": {"uv": [2, 0, 14, 2], "texture": "#0"},
				"south": {"uv": [0, 0, 2, 2], "texture": "#0"},
				"west": {"uv": [2, 0, 14, 2], "texture": "#0"},
				"up": {"uv": [16, 2, 14, 14], "texture": "#0"},
				"down": {"uv": [0, 2, 2, 14], "texture": "#0"}
			}
		},
		{
			"from": [1.98, 13.98, -0.02],
			"to": [14.02, 16.02, 2.02],
			"rotation": {"angle": 0, "axis": "y", "origin": [0, 14, 0]},
			"faces": {
				"north": {"uv": [2, 0, 14, 2], "texture": "#0"},
				"south": {"uv": [2, 0, 14, 2], "texture": "#0"},
				"up": {"uv": [2, 16, 14, 14], "texture": "#0"},
				"down": {"uv": [2, 14, 14, 16], "texture": "#0"}
			}
		}
	],
	"groups": [
		0,
		{
			"name": "frame",
			"origin": [0, 14, 0],
			"color": 0,
			"children": [1, 2, 3, 4, 5, 6, 7, 8, 9, 10, 11, 12]
		}
	]
}