{
	"credit": "Made by LeftChaotix",
	"parent": "block/block",
	"render_type": "cutout",
	"textures": {
		"0": "block/redstone_torch_off",
		"1": "toms_storage:block/level_emitter_off",
		"particle": "toms_storage:block/level_emitter_off"
	},
	"elements": [
		{
			"name": "bottom",
			"from": [0, -6, 7],
			"to": [16, 10, 9],
			"faces": {
				"north": {"uv": [0, 0, 16, 16], "rotation": 180, "texture": "#0"},
				"south": {"uv": [0, 0, 16, 16], "rotation": 180, "texture": "#0"}
			}
		},
		{
			"name": "top",
			"from": [3, 6, 3],
			"to": [13, 16, 13],
			"faces": {
				"north": {"uv": [0, 6.66667, 6.66667, 0], "texture": "#1"},
				"east": {"uv": [0, 6.66667, 6.66667, 0], "texture": "#1"},
				"south": {"uv": [0, 6.66667, 6.66667, 0], "texture": "#1"},
				"west": {"uv": [0, 6.66667, 6.66667, 0], "texture": "#1"},
				"up": {"uv": [0, 6.66667, 6.66667, 13.33333], "texture": "#1"},
				"down": {"uv": [6.66667, 0, 13.33333, 6.66667], "texture": "#1"}
			}
		},
		{
			"name": "bottom2",
			"from": [7, -6, 0],
			"to": [9, 10, 16],
			"faces": {
				"east": {"uv": [0, 0, 16, 16], "rotation": 180, "texture": "#0"},
				"west": {"uv": [0, 0, 16, 16], "rotation": 180, "texture": "#0"}
			}
		},
		{
			"name": "bottom3",
			"from": [7, 0, 7],
			"to": [9, 6, 9],
			"faces": {
				"down": {"uv": [7, 6, 9, 8], "texture": "#0"}
			}
		}
	]
}