{
	"credit": "Made by LeftChaotix",
	"parent": "block/block",
	"textures": {
		"0": "toms_storage:block/terminal_back",
		"1": "toms_storage:block/terminal_side",
		"2": "toms_storage:block/terminal_front",
		"4": "toms_storage:block/terminal_keyboard",
		"particle": "toms_storage:block/inventory_block"
	},
	"elements": [
		{
			"name": "top",
			"from": [0, 14, 5],
			"to": [16, 16, 6],
			"faces": {
				"east": {"uv": [5, 0, 6, 2], "texture": "#1"},
				"south": {"uv": [0, 0, 16, 2], "texture": "#2"},
				"west": {"uv": [5, 0, 6, 2], "texture": "#1"},
				"up": {"uv": [5, 0, 6, 16], "rotation": 90, "texture": "#1"},
				"down": {"uv": [5, 0, 6, 16], "rotation": 90, "texture": "#1"}
			}
		},
		{
			"name": "top",
			"from": [0, 0, 5],
			"to": [2, 2, 6],
			"faces": {
				"east": {"uv": [5, 14, 6, 16], "texture": "#1"},
				"south": {"uv": [0, 14, 2, 16], "texture": "#2"},
				"west": {"uv": [5, 14, 6, 16], "texture": "#1"},
				"up": {"uv": [5, 0, 6, 16], "rotation": 90, "texture": "#1"},
				"down": {"uv": [5, 0, 6, 2], "rotation": 90, "texture": "#1"}
			}
		},
		{
			"name": "top",
			"from": [14, 0, 5],
			"to": [16, 2, 6],
			"faces": {
				"east": {"uv": [5, 14, 6, 16], "texture": "#1"},
				"south": {"uv": [14, 14, 16, 16], "texture": "#2"},
				"west": {"uv": [5, 14, 6, 16], "texture": "#1"},
				"up": {"uv": [5, 0, 6, 16], "rotation": 90, "texture": "#1"},
				"down": {"uv": [5, 14, 6, 16], "rotation": 90, "texture": "#1"}
			}
		},
		{
			"name": "right",
			"from": [14, 2, 5],
			"to": [16, 14, 6],
			"faces": {
				"east": {"uv": [5, 2, 6, 14], "texture": "#1"},
				"south": {"uv": [14, 2, 16, 14], "texture": "#2"},
				"west": {"uv": [6, 2, 7, 14], "texture": "#1"}
			}
		},
		{
			"name": "right",
			"from": [0, 2, 5],
			"to": [2, 14, 6],
			"faces": {
				"east": {"uv": [6, 2, 7, 14], "texture": "#1"},
				"south": {"uv": [0, 2, 2, 14], "texture": "#2"},
				"west": {"uv": [5, 2, 6, 14], "texture": "#1"}
			}
		},
		{
			"from": [0, 0, 0],
			"to": [16, 16, 5],
			"faces": {
				"north": {"uv": [0, 0, 16, 16], "texture": "#0"},
				"east": {"uv": [5, 0, 0, 16], "texture": "#1"},
				"south": {"uv": [0, 0, 16, 16], "texture": "#2"},
				"west": {"uv": [0, 0, 5, 16], "texture": "#1"},
				"up": {"uv": [0, 0, 5, 16], "rotation": 90, "texture": "#1"},
				"down": {"uv": [0, 0, 5, 16], "rotation": 270, "texture": "#1"}
			}
		},
		{
			"from": [2, 0, 5],
			"to": [14, 3, 7],
			"faces": {
				"east": {"uv": [14, 11, 16, 14], "texture": "#4"},
				"south": {"uv": [2, 11, 14, 14], "texture": "#4"},
				"west": {"uv": [0, 11, 2, 14], "texture": "#4"},
				"up": {"uv": [2, 9, 14, 11], "texture": "#4"},
				"down": {"uv": [2, 14, 14, 16], "texture": "#4"}
			}
		}
	],
	"display": {
		"gui": {
			"rotation": [30, 45, 0],
			"translation": [2, -1, 0],
			"scale": [0.625, 0.625, 0.625]
		},
		"fixed": {
			"rotation": [0, 180, 0],
			"translation": [0, 0, -2],
			"scale": [0.5, 0.5, 0.5]
		}
	}
}